id,Offer Accepted
0,No
1,No
2,No
3,No
4,No
5,No
6,No
7,No
8,No
9,No
10,No
11,No
12,No
13,No
14,No
15,No
16,No
17,No
18,No
19,No
20,No
21,No
22,No
23,No
24,No
25,No
26,No
27,No
28,No
29,No
30,No
31,No
32,No
33,No
34,No
35,No
36,No
37,No
38,No
39,No
40,No
41,No
42,No
43,No
44,No
45,No
46,No
47,No
48,No
49,No
50,No
51,No
52,No
53,No
54,No
55,No
56,No
57,No
58,No
59,No
60,No
61,No
62,No
63,No
64,No
65,No
66,No
67,No
68,No
69,No
70,No
71,No
72,No
73,No
74,No
75,No
76,No
77,No
78,No
79,No
80,No
81,No
82,No
83,No
84,No
85,No
86,No
87,No
88,No
89,No
90,No
91,No
92,No
93,No
94,No
95,No
96,No
97,No
98,No
99,No
100,No
101,No
102,No
103,No
104,No
105,No
106,No
107,No
108,No
109,No
110,No
111,No
112,No
113,No
114,No
115,No
116,No
117,No
118,No
119,No
120,No
121,No
122,No
123,No
124,No
125,No
126,No
127,No
128,No
129,No
130,No
131,No
132,No
133,No
134,No
135,No
136,No
137,No
138,No
139,No
140,No
141,No
142,No
143,No
144,No
145,No
146,No
147,No
148,No
149,No
150,No
151,No
152,No
153,No
154,No
155,No
156,No
157,No
158,No
159,No
160,No
161,No
162,No
163,No
164,No
165,No
166,No
167,No
168,No
169,No
170,No
171,No
172,No
173,No
174,No
175,No
176,No
177,No
178,No
179,No
180,No
181,No
182,No
183,No
184,No
185,No
186,No
187,No
188,No
189,No
190,No
191,No
192,No
193,No
194,No
195,No
196,No
197,No
198,No
199,No
200,No
201,No
202,No
203,No
204,No
205,No
206,No
207,No
208,No
209,No
210,No
211,No
212,No
213,No
214,No
215,No
216,No
217,No
218,No
219,No
220,No
221,No
222,No
223,No
224,No
225,No
226,No
227,No
228,No
229,No
230,No
231,No
232,No
233,No
234,No
235,No
236,No
237,No
238,No
239,No
240,No
241,No
242,No
243,No
244,No
245,No
246,No
247,No
248,No
249,No
250,No
251,No
252,No
253,No
254,No
255,No
256,No
257,No
258,No
259,No
260,No
261,No
262,No
263,No
264,No
265,No
266,No
267,No
268,No
269,No
270,No
271,No
272,No
273,No
274,No
275,No
276,No
277,No
278,No
279,No
280,No
281,No
282,No
283,No
284,No
285,No
286,No
287,No
288,No
289,No
290,No
291,No
292,No
293,No
294,No
295,No
296,No
297,No
298,No
299,No
300,No
301,No
302,No
303,No
304,No
305,No
306,No
307,No
308,No
309,No
310,No
311,No
312,No
313,No
314,No
315,No
316,No
317,No
318,No
319,No
320,No
321,No
322,No
323,No
324,No
325,No
326,No
327,No
328,No
329,No
330,No
331,No
332,No
333,No
334,No
335,No
336,No
337,No
338,No
339,No
340,No
341,No
342,No
343,No
344,No
345,No
346,No
347,No
348,No
349,No
350,No
351,No
352,No
353,No
354,No
355,No
356,No
357,No
358,No
359,No
360,No
361,No
362,No
363,No
364,No
365,No
366,No
367,No
368,No
369,No
370,No
371,No
372,No
373,No
374,No
375,No
376,No
377,No
378,No
379,No
380,No
381,No
382,No
383,No
384,No
385,No
386,No
387,No
388,No
389,No
390,No
391,No
392,No
393,No
394,No
395,No
396,No
397,No
398,No
399,No
400,No
401,No
402,No
403,No
404,No
405,No
406,No
407,No
408,No
409,No
410,No
411,No
412,No
413,No
414,No
415,No
416,No
417,No
418,No
419,No
420,No
421,No
422,No
423,No
424,No
425,No
426,No
427,No
428,No
429,No
430,No
431,No
432,No
433,No
434,No
435,No
436,No
437,No
438,No
439,No
440,No
441,No
442,No
443,No
444,No
445,No
446,No
447,No
448,No
449,No
450,No
451,No
452,No
453,No
454,No
455,No
456,No
457,No
458,No
459,No
460,No
461,No
462,No
463,No
464,No
465,No
466,No
467,No
468,No
469,No
470,No
471,No
472,No
473,No
474,No
475,No
476,No
477,No
478,No
479,No
480,No
481,No
482,No
483,No
484,No
485,No
486,No
487,No
488,No
489,No
490,No
491,No
492,No
493,No
494,No
495,No
496,No
497,No
498,No
499,No
500,No
501,No
502,No
503,No
504,No
505,No
506,No
507,No
508,No
509,No
510,No
511,No
512,No
513,No
514,No
515,No
516,No
517,No
518,No
519,No
520,No
521,No
522,No
523,No
524,No
525,No
526,No
527,No
528,No
529,No
530,No
531,No
532,No
533,No
534,No
535,No
536,No
537,No
538,No
539,No
540,No
541,No
542,No
543,No
544,No
545,No
546,No
547,No
548,No
549,No
550,No
551,No
552,No
553,No
554,No
555,No
556,No
557,No
558,No
559,No
560,No
561,No
562,No
563,No
564,No
565,No
566,No
567,No
568,No
569,No
570,No
571,No
572,No
573,No
574,No
575,No
576,No
577,No
578,No
579,No
580,No
581,No
582,No
583,No
584,No
585,No
586,No
587,No
588,No
589,No
590,No
591,No
592,No
593,No
594,No
595,No
596,No
597,No
598,No
599,No
600,No
601,No
602,No
603,No
604,No
605,No
606,No
607,No
608,No
609,No
610,No
611,No
612,No
613,No
614,No
615,No
616,No
617,No
618,No
619,No
620,No
621,No
622,No
623,No
624,No
625,No
626,No
627,No
628,No
629,No
630,No
631,No
632,No
633,No
634,No
635,No
636,No
637,No
638,No
639,No
640,No
641,No
642,No
643,No
644,No
645,No
646,No
647,No
648,No
649,No
650,No
651,No
652,No
653,No
654,No
655,No
656,No
657,No
658,No
659,No
660,No
661,No
662,No
663,No
664,No
665,No
666,No
667,No
668,No
669,No
670,No
671,No
672,No
673,No
674,No
675,No
676,No
677,No
678,No
679,No
680,No
681,No
682,No
683,No
684,No
685,No
686,No
687,No
688,No
689,No
690,No
691,No
692,No
693,No
694,No
695,No
696,No
697,No
698,No
699,No
700,No
701,No
702,No
703,No
704,No
705,No
706,No
707,No
708,No
709,No
710,No
711,No
712,No
713,No
714,No
715,No
716,No
717,No
718,No
719,No
720,No
721,No
722,No
723,No
724,No
725,No
726,No
727,No
728,No
729,No
730,No
731,No
732,No
733,No
734,No
735,No
736,No
737,No
738,No
739,No
740,No
741,No
742,No
743,No
744,No
745,No
746,No
747,No
748,No
749,No
750,No
751,No
752,No
753,No
754,No
755,No
756,No
757,No
758,No
759,No
760,No
761,No
762,No
763,No
764,No
765,No
766,No
767,No
768,No
769,No
770,No
771,No
772,No
773,No
774,No
775,No
776,No
777,No
778,No
779,No
780,No
781,No
782,No
783,No
784,No
785,No
786,No
787,No
788,No
789,No
790,No
791,No
792,No
793,No
794,No
795,No
796,No
797,No
798,No
799,No
800,No
801,No
802,No
803,No
804,No
805,No
806,No
807,No
808,No
809,No
810,No
811,No
812,No
813,No
814,No
815,No
816,No
817,No
818,No
819,No
820,No
821,No
822,No
823,No
824,No
825,No
826,No
827,No
828,No
829,No
830,No
831,No
832,No
833,No
834,No
835,No
836,No
837,No
838,No
839,No
840,No
841,No
842,No
843,No
844,No
845,No
846,No
847,No
848,No
849,No
850,No
851,No
852,No
853,No
854,No
855,No
856,No
857,No
858,No
859,No
860,No
861,No
862,No
863,No
864,No
865,No
866,No
867,No
868,No
869,No
870,No
871,No
872,No
873,No
874,No
875,No
876,No
877,No
878,No
879,No
880,No
881,No
882,No
883,No
884,No
885,No
886,No
887,No
888,No
889,No
890,No
891,No
892,No
893,No
894,No
895,No
896,No
897,No
898,No
899,No
900,No
901,No
902,No
903,No
904,No
905,No
906,No
907,No
908,No
909,No
910,No
911,No
912,No
913,No
914,No
915,No
916,No
917,No
918,No
919,No
920,No
921,No
922,No
923,No
924,No
925,No
926,No
927,No
928,No
929,No
930,No
931,No
932,No
933,No
934,No
935,No
936,No
937,No
938,No
939,No
940,No
941,No
942,No
943,No
944,No
945,No
946,No
947,No
948,No
949,No
950,No
951,No
952,No
953,No
954,No
955,No
956,No
957,No
958,No
959,No
960,No
961,No
962,No
963,No
964,No
965,No
966,No
967,No
968,No
969,No
970,No
971,No
972,No
973,No
974,No
975,No
976,No
977,No
978,No
979,No
980,No
981,No
982,No
983,No
984,No
985,No
986,No
987,No
988,No
989,No
990,No
991,No
992,No
993,No
994,No
995,No
996,No
997,No
998,No
999,No
1000,No
1001,No
1002,No
1003,No
1004,No
1005,No
1006,No
1007,No
1008,No
1009,No
1010,No
1011,No
1012,No
1013,No
1014,No
1015,No
1016,No
1017,No
1018,No
1019,No
1020,No
1021,No
1022,No
1023,No
1024,No
1025,No
1026,No
1027,No
1028,No
1029,No
1030,No
1031,No
1032,No
1033,No
1034,No
1035,No
1036,No
1037,No
1038,No
1039,No
1040,No
1041,No
1042,No
1043,No
1044,No
1045,No
1046,No
1047,No
1048,No
1049,No
1050,No
1051,No
1052,No
1053,No
1054,No
1055,No
1056,No
1057,No
1058,No
1059,No
1060,No
1061,No
1062,No
1063,No
1064,No
1065,No
1066,No
1067,No
1068,No
1069,No
1070,No
1071,No
1072,No
1073,No
1074,No
1075,No
1076,No
1077,No
1078,No
1079,No
1080,No
1081,No
1082,No
1083,No
1084,No
1085,No
1086,No
1087,No
1088,No
1089,No
1090,No
1091,No
1092,No
1093,No
1094,No
1095,No
1096,No
1097,No
1098,No
1099,No
1100,No
1101,No
1102,No
1103,No
1104,No
1105,No
1106,No
1107,No
1108,No
1109,No
1110,No
1111,No
1112,No
1113,No
1114,No
1115,No
1116,No
1117,No
1118,No
1119,No
1120,No
1121,No
1122,No
1123,No
1124,No
1125,No
1126,No
1127,No
1128,No
1129,No
1130,No
1131,No
1132,No
1133,No
1134,No
1135,No
1136,No
1137,No
1138,No
1139,No
1140,No
1141,No
1142,No
1143,No
1144,No
1145,No
1146,No
1147,No
1148,No
1149,No
1150,No
1151,No
1152,No
1153,No
1154,No
1155,No
1156,No
1157,No
1158,No
1159,No
1160,No
1161,No
1162,No
1163,No
1164,No
1165,No
1166,No
1167,No
1168,No
1169,No
1170,No
1171,No
1172,No
1173,No
1174,No
1175,No
1176,No
1177,No
1178,No
1179,No
1180,No
1181,No
1182,No
1183,No
1184,No
1185,No
1186,No
1187,No
1188,No
1189,No
1190,No
1191,No
1192,No
1193,No
1194,No
1195,No
1196,No
1197,No
1198,No
1199,No
1200,No
1201,No
1202,No
1203,No
1204,No
1205,No
1206,No
1207,No
1208,No
1209,No
1210,No
1211,No
1212,No
1213,No
1214,No
1215,No
1216,No
1217,No
1218,No
1219,No
1220,No
1221,No
1222,No
1223,No
1224,No
1225,No
1226,No
1227,No
1228,No
1229,No
1230,No
1231,No
1232,No
1233,No
1234,No
1235,No
1236,No
1237,No
1238,No
1239,No
1240,No
1241,No
1242,No
1243,No
1244,No
1245,No
1246,No
1247,No
1248,No
1249,No
1250,No
1251,No
1252,No
1253,No
1254,No
1255,No
1256,No
1257,No
1258,No
1259,No
1260,No
1261,No
1262,No
1263,No
1264,No
1265,No
1266,No
1267,No
1268,No
1269,No
1270,No
1271,No
1272,No
1273,No
1274,No
1275,No
1276,No
1277,No
1278,No
1279,No
1280,No
1281,No
1282,No
1283,No
1284,No
1285,No
1286,No
1287,No
1288,No
1289,No
1290,No
1291,No
1292,No
1293,No
1294,No
1295,No
1296,No
1297,No
1298,No
1299,No
1300,No
1301,No
1302,No
1303,No
1304,No
1305,No
1306,No
1307,No
1308,No
1309,No
1310,No
1311,No
1312,No
1313,No
1314,No
1315,No
1316,No
1317,No
1318,No
1319,No
1320,No
1321,No
1322,No
1323,No
1324,No
1325,No
1326,No
1327,No
1328,No
1329,No
1330,No
1331,No
1332,No
1333,No
1334,No
1335,No
1336,No
1337,No
1338,No
1339,No
1340,No
1341,No
1342,No
1343,No
1344,No
1345,No
1346,No
1347,No
1348,No
1349,No
1350,No
1351,No
1352,No
1353,No
1354,No
1355,No
1356,No
1357,No
1358,No
1359,No
1360,No
1361,No
1362,No
1363,No
1364,No
1365,No
1366,No
1367,No
1368,No
1369,No
1370,No
1371,No
1372,No
1373,No
1374,No
1375,No
1376,No
1377,No
1378,No
1379,No
1380,No
1381,No
1382,No
1383,No
1384,No
1385,No
1386,No
1387,No
1388,No
1389,No
1390,No
1391,No
1392,No
1393,No
1394,No
1395,No
1396,No
1397,No
1398,No
1399,No
1400,No
1401,No
1402,No
1403,No
1404,No
1405,No
1406,No
1407,No
1408,No
1409,No
1410,No
1411,No
1412,No
1413,No
1414,No
1415,No
1416,No
1417,No
1418,No
1419,No
1420,No
1421,No
1422,No
1423,No
1424,No
1425,No
1426,No
1427,No
1428,No
1429,No
1430,No
1431,No
1432,No
1433,No
1434,No
1435,No
1436,No
1437,No
1438,No
1439,No
1440,No
1441,No
1442,No
1443,No
1444,No
1445,No
1446,No
1447,No
1448,No
1449,No
1450,No
1451,No
1452,No
1453,No
1454,No
1455,No
1456,No
1457,No
1458,No
1459,No
1460,No
1461,No
1462,No
1463,No
1464,No
1465,No
1466,No
1467,No
1468,No
1469,No
1470,No
1471,No
1472,No
1473,No
1474,No
1475,No
1476,No
1477,No
1478,No
1479,No
1480,No
1481,No
1482,No
1483,No
1484,No
1485,No
1486,No
1487,No
1488,No
1489,No
1490,No
1491,No
1492,No
1493,No
1494,No
1495,No
1496,No
1497,No
1498,No
1499,No
1500,No
1501,No
1502,No
1503,No
1504,No
1505,No
1506,No
1507,No
1508,No
1509,No
1510,No
1511,No
1512,No
1513,No
1514,No
1515,No
1516,No
1517,No
1518,No
1519,No
1520,No
1521,No
1522,No
1523,No
1524,No
1525,No
1526,No
1527,No
1528,No
1529,No
1530,No
1531,No
1532,No
1533,No
1534,No
1535,No
1536,No
1537,No
1538,No
1539,No
1540,No
1541,No
1542,No
1543,No
1544,No
1545,No
1546,No
1547,No
1548,No
1549,No
1550,No
1551,No
1552,No
1553,No
1554,No
1555,No
1556,No
1557,No
1558,No
1559,No
1560,No
1561,No
1562,No
1563,No
1564,No
1565,No
1566,No
1567,No
1568,No
1569,No
1570,No
1571,No
1572,No
1573,No
1574,No
1575,No
1576,No
1577,No
1578,No
1579,No
1580,No
1581,No
1582,No
1583,No
1584,No
1585,No
1586,No
1587,No
1588,No
1589,No
1590,No
1591,No
1592,No
1593,No
1594,No
1595,No
1596,No
1597,No
1598,No
1599,No
1600,No
1601,No
1602,No
1603,No
1604,No
1605,No
1606,No
1607,No
1608,No
1609,No
1610,No
1611,No
1612,No
1613,No
1614,No
1615,No
1616,No
1617,No
1618,No
1619,No
1620,No
1621,No
1622,No
1623,No
1624,No
1625,No
1626,No
1627,No
1628,No
1629,No
1630,No
1631,No
1632,No
1633,No
1634,No
1635,No
1636,No
1637,No
1638,No
1639,No
1640,No
1641,No
1642,No
1643,No
1644,No
1645,No
1646,No
1647,No
1648,No
1649,No
1650,No
1651,No
1652,No
1653,No
1654,No
1655,No
1656,No
1657,No
1658,No
1659,No
1660,No
1661,No
1662,No
1663,No
1664,No
1665,No
1666,No
1667,No
1668,No
1669,No
1670,No
1671,No
1672,No
1673,No
1674,No
1675,No
1676,No
1677,No
1678,No
1679,No
1680,No
1681,No
1682,No
1683,No
1684,No
1685,No
1686,No
1687,No
1688,No
1689,No
1690,No
1691,No
1692,No
1693,No
1694,No
1695,No
1696,No
1697,No
1698,No
1699,No
1700,No
1701,No
1702,No
1703,No
1704,No
1705,No
1706,No
1707,No
1708,No
1709,No
1710,No
1711,No
1712,No
1713,No
1714,No
1715,No
1716,No
1717,No
1718,No
1719,No
1720,No
1721,No
1722,No
1723,No
1724,No
1725,No
1726,No
1727,No
1728,No
1729,No
1730,No
1731,No
1732,No
1733,No
1734,No
1735,No
1736,No
1737,No
1738,No
1739,No
1740,No
1741,No
1742,No
1743,No
1744,No
1745,No
1746,No
1747,No
1748,No
1749,No
1750,No
1751,No
1752,No
1753,No
1754,No
1755,No
1756,No
1757,No
1758,No
1759,No
1760,No
1761,No
1762,No
1763,No
1764,No
1765,No
1766,No
1767,No
1768,No
1769,No
1770,No
1771,No
1772,No
1773,No
1774,No
1775,No
1776,No
1777,No
1778,No
1779,No
1780,No
1781,No
1782,No
1783,No
1784,No
1785,No
1786,No
1787,No
1788,No
1789,No
1790,No
1791,No
1792,No
1793,No
1794,No
1795,No
1796,No
1797,No
1798,No
1799,No
1800,No
1801,No
1802,No
1803,No
1804,No
1805,No
1806,No
1807,No
1808,No
1809,No
1810,No
1811,No
1812,No
1813,No
1814,No
1815,No
1816,No
1817,No
1818,No
1819,No
1820,No
1821,No
1822,No
1823,No
1824,No
1825,No
1826,No
1827,No
1828,No
1829,No
1830,No
1831,No
1832,No
1833,No
1834,No
1835,No
1836,No
1837,No
1838,No
1839,No
1840,No
1841,No
1842,No
1843,No
1844,No
1845,No
1846,No
1847,No
1848,No
1849,No
1850,No
1851,No
1852,No
1853,No
1854,No
1855,No
1856,No
1857,No
1858,No
1859,No
1860,No
1861,No
1862,No
1863,No
1864,No
1865,No
1866,No
1867,No
1868,No
1869,No
1870,No
1871,No
1872,No
1873,No
1874,No
1875,No
1876,No
1877,No
1878,No
1879,No
1880,No
1881,No
1882,No
1883,No
1884,No
1885,No
1886,No
1887,No
1888,No
1889,No
1890,No
1891,No
1892,No
1893,No
1894,No
1895,No
1896,No
1897,No
1898,No
1899,No
1900,No
1901,No
1902,No
1903,No
1904,No
1905,No
1906,No
1907,No
1908,No
1909,No
1910,No
1911,No
1912,No
1913,No
1914,No
1915,No
1916,No
1917,No
1918,No
1919,No
1920,No
1921,No
1922,No
1923,No
1924,No
1925,No
1926,No
1927,No
1928,No
1929,No
1930,No
1931,No
1932,No
1933,No
1934,No
1935,No
1936,No
1937,No
1938,No
1939,No
1940,No
1941,No
1942,No
1943,No
1944,No
1945,No
1946,No
1947,No
1948,No
1949,No
1950,No
1951,No
1952,No
1953,No
1954,No
1955,No
1956,No
1957,No
1958,No
1959,No
1960,No
1961,No
1962,No
1963,No
1964,No
1965,No
1966,No
1967,No
1968,No
1969,No
1970,No
1971,No
1972,No
1973,No
1974,No
1975,No
1976,No
1977,No
1978,No
1979,No
1980,No
1981,No
1982,No
1983,No
1984,No
1985,No
1986,No
1987,No
1988,No
1989,No
1990,No
1991,No
1992,No
1993,No
1994,No
1995,No
1996,No
1997,No
1998,No
1999,No
2000,No
2001,No
2002,No
2003,No
2004,No
2005,No
2006,No
2007,No
2008,No
2009,No
2010,No
2011,No
2012,No
2013,No
2014,No
2015,No
2016,No
2017,No
2018,No
2019,No
2020,No
2021,No
2022,No
2023,No
2024,No
2025,No
2026,No
2027,No
2028,No
2029,No
2030,No
2031,No
2032,No
2033,No
2034,No
2035,No
2036,No
2037,No
2038,No
2039,No
2040,No
2041,No
2042,No
2043,No
2044,No
2045,No
2046,No
2047,No
2048,No
2049,No
2050,No
2051,No
2052,No
2053,No
2054,No
2055,No
2056,No
2057,No
2058,No
2059,No
2060,No
2061,No
2062,No
2063,No
2064,No
2065,No
2066,No
2067,No
2068,No
2069,No
2070,No
2071,No
2072,No
2073,No
2074,No
2075,No
2076,No
2077,No
2078,No
2079,No
2080,No
2081,No
2082,No
2083,No
2084,No
2085,No
2086,No
2087,No
2088,No
2089,No
2090,No
2091,No
2092,No
2093,No
2094,No
2095,No
2096,No
2097,No
2098,No
2099,No
2100,No
2101,No
2102,No
2103,No
2104,No
2105,No
2106,No
2107,No
2108,No
2109,No
2110,No
2111,No
2112,No
2113,No
2114,No
2115,No
2116,No
2117,No
2118,No
2119,No
2120,No
2121,No
2122,No
2123,No
2124,No
2125,No
2126,No
2127,No
2128,No
2129,No
2130,No
2131,No
2132,No
2133,No
2134,No
2135,No
2136,No
2137,No
2138,No
2139,No
2140,No
2141,No
2142,No
2143,No
2144,No
2145,No
2146,No
2147,No
2148,No
2149,No
2150,No
2151,No
2152,No
2153,No
2154,No
2155,No
2156,No
2157,No
2158,No
2159,No
2160,No
2161,No
2162,No
2163,No
2164,No
2165,No
2166,No
2167,No
2168,No
2169,No
2170,No
2171,No
2172,No
2173,No
2174,No
2175,No
2176,No
2177,No
2178,No
2179,No
2180,No
2181,No
2182,No
2183,No
2184,No
2185,No
2186,No
2187,No
2188,No
2189,No
2190,No
2191,No
2192,No
2193,No
2194,No
2195,No
2196,No
2197,No
2198,No
2199,No
2200,No
2201,No
2202,No
2203,No
2204,No
2205,No
2206,No
2207,No
2208,No
2209,No
2210,No
2211,No
2212,No
2213,No
2214,No
2215,No
2216,No
2217,No
2218,No
2219,No
2220,No
2221,No
2222,No
2223,No
2224,No
2225,No
2226,No
2227,No
2228,No
2229,No
2230,No
2231,No
2232,No
2233,No
2234,No
2235,No
2236,No
2237,No
2238,No
2239,No
2240,No
2241,No
2242,No
2243,No
2244,No
2245,No
2246,No
2247,No
2248,No
2249,No
2250,No
2251,No
2252,No
2253,No
2254,No
2255,No
2256,No
2257,No
2258,No
2259,No
2260,No
2261,No
2262,No
2263,No
2264,No
2265,No
2266,No
2267,No
2268,No
2269,No
2270,No
2271,No
2272,No
2273,No
2274,No
2275,No
2276,No
2277,No
2278,No
2279,No
2280,No
2281,No
2282,No
2283,No
2284,No
2285,No
2286,No
2287,No
2288,No
2289,No
2290,No
2291,No
2292,No
2293,No
2294,No
2295,No
2296,No
2297,No
2298,No
2299,No
2300,No
2301,No
2302,No
2303,No
2304,No
2305,No
2306,No
2307,No
2308,No
2309,No
2310,No
2311,No
2312,No
2313,No
2314,No
2315,No
2316,No
2317,No
2318,No
2319,No
2320,No
2321,No
2322,No
2323,No
2324,No
2325,No
2326,No
2327,No
2328,No
2329,No
2330,No
2331,No
2332,No
2333,No
2334,No
2335,No
2336,No
2337,No
2338,No
2339,No
2340,No
2341,No
2342,No
2343,No
2344,No
2345,No
2346,No
2347,No
2348,No
2349,No
2350,No
2351,No
2352,No
2353,No
2354,No
2355,No
2356,No
2357,No
2358,No
2359,No
2360,No
2361,No
2362,No
2363,No
2364,No
2365,No
2366,No
2367,No
2368,No
2369,No
2370,No
2371,No
2372,No
2373,No
2374,No
2375,No
2376,No
2377,No
2378,No
2379,No
2380,No
2381,No
2382,No
2383,No
2384,No
2385,No
2386,No
2387,No
2388,No
2389,No
2390,No
2391,No
2392,No
2393,No
2394,No
2395,No
2396,No
2397,No
2398,No
2399,No
2400,No
2401,No
2402,No
2403,No
2404,No
2405,No
2406,No
2407,No
2408,No
2409,No
2410,No
2411,No
2412,No
2413,No
2414,No
2415,No
2416,No
2417,No
2418,No
2419,No
2420,No
2421,No
2422,No
2423,No
2424,No
2425,No
2426,No
2427,No
2428,No
2429,No
2430,No
2431,No
2432,No
2433,No
2434,No
2435,No
2436,No
2437,No
2438,No
2439,No
2440,No
2441,No
2442,No
2443,No
2444,No
2445,No
2446,No
2447,No
2448,No
2449,No
2450,No
2451,No
2452,No
2453,No
2454,No
2455,No
2456,No
2457,No
2458,No
2459,No
2460,No
2461,No
2462,No
2463,No
2464,No
2465,No
2466,No
2467,No
2468,No
2469,No
2470,No
2471,No
2472,No
2473,No
2474,No
2475,No
2476,No
2477,No
2478,No
2479,No
2480,No
2481,No
2482,No
2483,No
2484,No
2485,No
2486,No
2487,No
2488,No
2489,No
2490,No
2491,No
2492,No
2493,No
2494,No
2495,No
2496,No
2497,No
2498,No
2499,No
2500,No
2501,No
2502,No
2503,No
2504,No
2505,No
2506,No
2507,No
2508,No
2509,No
2510,No
2511,No
2512,No
2513,No
2514,No
2515,No
2516,No
2517,No
2518,No
2519,No
2520,No
2521,No
2522,No
2523,No
2524,No
2525,No
2526,No
2527,No
2528,No
2529,No
2530,No
2531,No
2532,No
2533,No
2534,No
2535,No
2536,No
2537,No
2538,No
2539,No
2540,No
2541,No
2542,No
2543,No
2544,No
2545,No
2546,No
2547,No
2548,No
2549,No
2550,No
2551,No
2552,No
2553,No
2554,No
2555,No
2556,No
2557,No
2558,No
2559,No
2560,No
2561,No
2562,No
2563,No
2564,No
2565,No
2566,No
2567,No
2568,No
2569,No
2570,No
2571,No
2572,No
2573,No
2574,No
2575,No
2576,No
2577,No
2578,No
2579,No
2580,No
2581,No
2582,No
2583,No
2584,No
2585,No
2586,No
2587,No
2588,No
2589,No
2590,No
2591,No
2592,No
2593,No
2594,No
2595,No
2596,No
2597,No
2598,No
2599,No
2600,No
2601,No
2602,No
2603,No
2604,No
2605,No
2606,No
2607,No
2608,No
2609,No
2610,No
2611,No
2612,No
2613,No
2614,No
2615,No
2616,No
2617,No
2618,No
2619,No
2620,No
2621,No
2622,No
2623,No
2624,No
2625,No
2626,No
2627,No
2628,No
2629,No
2630,No
2631,No
2632,No
2633,No
2634,No
2635,No
2636,No
2637,No
2638,No
2639,No
2640,No
2641,No
2642,No
2643,No
2644,No
2645,No
2646,No
2647,No
2648,No
2649,No
2650,No
2651,No
2652,No
2653,No
2654,No
2655,No
2656,No
2657,No
2658,No
2659,No
2660,No
2661,No
2662,No
2663,No
2664,No
2665,No
2666,No
2667,No
2668,No
2669,No
2670,No
2671,No
2672,No
2673,No
2674,No
2675,No
2676,No
2677,No
2678,No
2679,No
2680,No
2681,No
2682,No
2683,No
2684,No
2685,No
2686,No
2687,No
2688,No
2689,No
2690,No
2691,No
2692,No
2693,No
2694,No
2695,No
2696,No
2697,No
2698,No
2699,No
2700,No
2701,No
2702,No
2703,No
2704,No
2705,No
2706,No
2707,No
2708,No
2709,No
2710,No
2711,No
2712,No
2713,No
2714,No
2715,No
2716,No
2717,No
2718,No
2719,No
2720,No
2721,No
2722,No
2723,No
2724,No
2725,No
2726,No
2727,No
2728,No
2729,No
2730,No
2731,No
2732,No
2733,No
2734,No
2735,No
2736,No
2737,No
2738,No
2739,No
2740,No
2741,No
2742,No
2743,No
2744,No
2745,No
2746,No
2747,No
2748,No
2749,No
2750,No
2751,No
2752,No
2753,No
2754,No
2755,No
2756,No
2757,No
2758,No
2759,No
2760,No
2761,No
2762,No
2763,No
2764,No
2765,No
2766,No
2767,No
2768,No
2769,No
2770,No
2771,No
2772,No
2773,No
2774,No
2775,No
2776,No
2777,No
2778,No
2779,No
2780,No
2781,No
2782,No
2783,No
2784,No
2785,No
2786,No
2787,No
2788,No
2789,No
2790,No
2791,No
2792,No
2793,No
2794,No
2795,No
2796,No
2797,No
2798,No
2799,No
2800,No
2801,No
2802,No
2803,No
2804,No
2805,No
2806,No
2807,No
2808,No
2809,No
2810,No
2811,No
2812,No
2813,No
2814,No
2815,No
2816,No
2817,No
2818,No
2819,No
2820,No
2821,No
2822,No
2823,No
2824,No
2825,No
2826,No
2827,No
2828,No
2829,No
2830,No
2831,No
2832,No
2833,No
2834,No
2835,No
2836,No
2837,No
2838,No
2839,No
2840,No
2841,No
2842,No
2843,No
2844,No
2845,No
2846,No
2847,No
2848,No
2849,No
2850,No
2851,No
2852,No
2853,No
2854,No
2855,No
2856,No
2857,No
2858,No
2859,No
2860,No
2861,No
2862,No
2863,No
2864,No
2865,No
2866,No
2867,No
2868,No
2869,No
2870,No
2871,No
2872,No
2873,No
2874,No
2875,No
2876,No
2877,No
2878,No
2879,No
2880,No
2881,No
2882,No
2883,No
2884,No
2885,No
2886,No
2887,No
2888,No
2889,No
2890,No
2891,No
2892,No
2893,No
2894,No
2895,No
2896,No
2897,No
2898,No
2899,No
2900,No
2901,No
2902,No
2903,No
2904,No
2905,No
2906,No
2907,No
2908,No
2909,No
2910,No
2911,No
2912,No
2913,No
2914,No
2915,No
2916,No
2917,No
2918,No
2919,No
2920,No
2921,No
2922,No
2923,No
2924,No
2925,No
2926,No
2927,No
2928,No
2929,No
2930,No
2931,No
2932,No
2933,No
2934,No
2935,No
2936,No
2937,No
2938,No
2939,No
2940,No
2941,No
2942,No
2943,No
2944,No
2945,No
2946,No
2947,No
2948,No
2949,No
2950,No
2951,No
2952,No
2953,No
2954,No
2955,No
2956,No
2957,No
2958,No
2959,No
2960,No
2961,No
2962,No
2963,No
2964,No
2965,No
2966,No
2967,No
2968,No
2969,No
2970,No
2971,No
2972,No
2973,No
2974,No
2975,No
2976,No
2977,No
2978,No
2979,No
2980,No
2981,No
2982,No
2983,No
2984,No
2985,No
2986,No
2987,No
2988,No
2989,No
2990,No
2991,No
2992,No
2993,No
2994,No
2995,No
2996,No
2997,No
2998,No
2999,No
3000,No
3001,No
3002,No
3003,No
3004,No
3005,No
3006,No
3007,No
3008,No
3009,No
3010,No
3011,No
3012,No
3013,No
3014,No
3015,No
3016,No
3017,No
3018,No
3019,No
3020,No
3021,No
3022,No
3023,No
3024,No
3025,No
3026,No
3027,No
3028,No
3029,No
3030,No
3031,No
3032,No
3033,No
3034,No
3035,No
3036,No
3037,No
3038,No
3039,No
3040,No
3041,No
3042,No
3043,No
3044,No
3045,No
3046,No
3047,No
3048,No
3049,No
3050,No
3051,No
3052,No
3053,No
3054,No
3055,No
3056,No
3057,No
3058,No
3059,No
3060,No
3061,No
3062,No
3063,No
3064,No
3065,No
3066,No
3067,No
3068,No
3069,No
3070,No
3071,No
3072,No
3073,No
3074,No
3075,No
3076,No
3077,No
3078,No
3079,No
3080,No
3081,No
3082,No
3083,No
3084,No
3085,No
3086,No
3087,No
3088,No
3089,No
3090,No
3091,No
3092,No
3093,No
3094,No
3095,No
3096,No
3097,No
3098,No
3099,No
3100,No
3101,No
3102,No
3103,No
3104,No
3105,No
3106,No
3107,No
3108,No
3109,No
3110,No
3111,No
3112,No
3113,No
3114,No
3115,No
3116,No
3117,No
3118,No
3119,No
3120,No
3121,No
3122,No
3123,No
3124,No
3125,No
3126,No
3127,No
3128,No
3129,No
3130,No
3131,No
3132,No
3133,No
3134,No
3135,No
3136,No
3137,No
3138,No
3139,No
3140,No
3141,No
3142,No
3143,No
3144,No
3145,No
3146,No
3147,No
3148,No
3149,No
3150,No
3151,No
3152,No
3153,No
3154,No
3155,No
3156,No
3157,No
3158,No
3159,No
3160,No
3161,No
3162,No
3163,No
3164,No
3165,No
3166,No
3167,No
3168,No
3169,No
3170,No
3171,No
3172,No
3173,No
3174,No
3175,No
3176,No
3177,No
3178,No
3179,No
3180,No
3181,No
3182,No
3183,No
3184,No
3185,No
3186,No
3187,No
3188,No
3189,No
3190,No
3191,No
3192,No
3193,No
3194,No
3195,No
3196,No
3197,No
3198,No
3199,No
3200,No
3201,No
3202,No
3203,No
3204,No
3205,No
3206,No
3207,No
3208,No
3209,No
3210,No
3211,No
3212,No
3213,No
3214,No
3215,No
3216,No
3217,No
3218,No
3219,No
3220,No
3221,No
3222,No
3223,No
3224,No
3225,No
3226,No
3227,No
3228,No
3229,No
3230,No
3231,No
3232,No
3233,No
3234,No
3235,No
3236,No
3237,No
3238,No
3239,No
3240,No
3241,No
3242,No
3243,No
3244,No
3245,No
3246,No
3247,No
3248,No
3249,No
3250,No
3251,No
3252,No
3253,No
3254,No
3255,No
3256,No
3257,No
3258,No
3259,No
3260,No
3261,No
3262,No
3263,No
3264,No
3265,No
3266,No
3267,No
3268,No
3269,No
3270,No
3271,No
3272,No
3273,No
3274,No
3275,No
3276,No
3277,No
3278,No
3279,No
3280,No
3281,No
3282,No
3283,No
3284,No
3285,No
3286,No
3287,No
3288,No
3289,No
3290,No
3291,No
3292,No
3293,No
3294,No
3295,No
3296,No
3297,No
3298,No
3299,No
3300,No
3301,No
3302,No
3303,No
3304,No
3305,No
3306,No
3307,No
3308,No
3309,No
3310,No
3311,No
3312,No
3313,No
3314,No
3315,No
3316,No
3317,No
3318,No
3319,No
3320,No
3321,No
3322,No
3323,No
3324,No
3325,No
3326,No
3327,No
3328,No
3329,No
3330,No
3331,No
3332,No
3333,No
3334,No
3335,No
3336,No
3337,No
3338,No
3339,No
3340,No
3341,No
3342,No
3343,No
3344,No
3345,No
3346,No
3347,No
3348,No
3349,No
3350,No
3351,No
3352,No
3353,No
3354,No
3355,No
3356,No
3357,No
3358,No
3359,No
3360,No
3361,No
3362,No
3363,No
3364,No
3365,No
3366,No
3367,No
3368,No
3369,No
3370,No
3371,No
3372,No
3373,No
3374,No
3375,No
3376,No
3377,No
3378,No
3379,No
3380,No
3381,No
3382,No
3383,No
3384,No
3385,No
3386,No
3387,No
3388,No
3389,No
3390,No
3391,No
3392,No
3393,No
3394,No
3395,No
3396,No
3397,No
3398,No
3399,No
3400,No
3401,No
3402,No
3403,No
3404,No
3405,No
3406,No
3407,No
3408,No
3409,No
3410,No
3411,No
3412,No
3413,No
3414,No
3415,No
3416,No
3417,No
3418,No
3419,No
3420,No
3421,No
3422,No
3423,No
3424,No
3425,No
3426,No
3427,No
3428,No
3429,No
3430,No
3431,No
3432,No
3433,No
3434,No
3435,No
3436,No
3437,No
3438,No
3439,No
3440,No
3441,No
3442,No
3443,No
3444,No
3445,No
3446,No
3447,No
3448,No
3449,No
3450,No
3451,No
3452,No
3453,No
3454,No
3455,No
3456,No
3457,No
3458,No
3459,No
3460,No
3461,No
3462,No
3463,No
3464,No
3465,No
3466,No
3467,No
3468,No
3469,No
3470,No
3471,No
3472,No
3473,No
3474,No
3475,No
3476,No
3477,No
3478,No
3479,No
3480,No
3481,No
3482,No
3483,No
3484,No
3485,No
3486,No
3487,No
3488,No
3489,No
3490,No
3491,No
3492,No
3493,No
3494,No
3495,No
3496,No
3497,No
3498,No
3499,No
3500,No
3501,No
3502,No
3503,No
3504,No
3505,No
3506,No
3507,No
3508,No
3509,No
3510,No
3511,No
3512,No
3513,No
3514,No
3515,No
3516,No
3517,No
3518,No
3519,No
3520,No
3521,No
3522,No
3523,No
3524,No
3525,No
3526,No
3527,No
3528,No
3529,No
3530,No
3531,No
3532,No
3533,No
3534,No
3535,No
3536,No
3537,No
3538,No
3539,No
3540,No
3541,No
3542,No
3543,No
3544,No
3545,No
3546,No
3547,No
3548,No
3549,No
3550,No
3551,No
3552,No
3553,No
3554,No
3555,No
3556,No
3557,No
3558,No
3559,No
3560,No
3561,No
3562,No
3563,No
3564,No
3565,No
3566,No
3567,No
3568,No
3569,No
3570,No
3571,No
3572,No
3573,No
3574,No
3575,No
3576,No
3577,No
3578,No
3579,No
3580,No
3581,No
3582,No
3583,No
3584,No
3585,No
3586,No
3587,No
3588,No
3589,No
3590,No
3591,No
3592,No
3593,No
3594,No
3595,No
3596,No
3597,No
3598,No
3599,No
3600,No
3601,No
3602,No
3603,No
3604,No
3605,No
3606,No
3607,No
3608,No
3609,No
3610,No
3611,No
3612,No
3613,No
3614,No
3615,No
3616,No
3617,No
3618,No
3619,No
3620,No
3621,No
3622,No
3623,No
3624,No
3625,No
3626,No
3627,No
3628,No
3629,No
3630,No
3631,No
3632,No
3633,No
3634,No
3635,No
3636,No
3637,No
3638,No
3639,No
3640,No
3641,No
3642,No
3643,No
3644,No
3645,No
3646,No
3647,No
3648,No
3649,No
3650,No
3651,No
3652,No
3653,No
3654,No
3655,No
3656,No
3657,No
3658,No
3659,No
3660,No
3661,No
3662,No
3663,No
3664,No
3665,No
3666,No
3667,No
3668,No
3669,No
3670,No
3671,No
3672,No
3673,No
3674,No
3675,No
3676,No
3677,No
3678,No
3679,No
3680,No
3681,No
3682,No
3683,No
3684,No
3685,No
3686,No
3687,No
3688,No
3689,No
3690,No
3691,No
3692,No
3693,No
3694,No
3695,No
3696,No
3697,No
3698,No
3699,No
3700,No
3701,No
3702,No
3703,No
3704,No
3705,No
3706,No
3707,No
3708,No
3709,No
3710,No
3711,No
3712,No
3713,No
3714,No
3715,No
3716,No
3717,No
3718,No
3719,No
3720,No
3721,No
3722,No
3723,No
3724,No
3725,No
3726,No
3727,No
3728,No
3729,No
3730,No
3731,No
3732,No
3733,No
3734,No
3735,No
3736,No
3737,No
3738,No
3739,No
3740,No
3741,No
3742,No
3743,No
3744,No
3745,No
3746,No
3747,No
3748,No
3749,No
3750,No
3751,No
3752,No
3753,No
3754,No
3755,No
3756,No
3757,No
3758,No
3759,No
3760,No
3761,No
3762,No
3763,No
3764,No
3765,No
3766,No
3767,No
3768,No
3769,No
3770,No
3771,No
3772,No
3773,No
3774,No
3775,No
3776,No
3777,No
3778,No
3779,No
3780,No
3781,No
3782,No
3783,No
3784,No
3785,No
3786,No
3787,No
3788,No
3789,No
3790,No
3791,No
3792,No
3793,No
3794,No
3795,No
3796,No
3797,No
3798,No
3799,No
3800,No
3801,No
3802,No
3803,No
3804,No
3805,No
3806,No
3807,No
3808,No
3809,No
3810,No
3811,No
3812,No
3813,No
3814,No
3815,No
3816,No
3817,No
3818,No
3819,No
3820,No
3821,No
3822,No
3823,No
3824,No
3825,No
3826,No
3827,No
3828,No
3829,No
3830,No
3831,No
3832,No
3833,No
3834,No
3835,No
3836,No
3837,No
3838,No
3839,No
3840,No
3841,No
3842,No
3843,No
3844,No
3845,No
3846,No
3847,No
3848,No
3849,No
3850,No
3851,No
3852,No
3853,No
3854,No
3855,No
3856,No
3857,No
3858,No
3859,No
3860,No
3861,No
3862,No
3863,No
3864,No
3865,No
3866,No
3867,No
3868,No
3869,No
3870,No
3871,No
3872,No
3873,No
3874,No
3875,No
3876,No
3877,No
3878,No
3879,No
3880,No
3881,No
3882,No
3883,No
3884,No
3885,No
3886,No
3887,No
3888,No
3889,No
3890,No
3891,No
3892,No
3893,No
3894,No
3895,No
3896,No
3897,No
3898,No
3899,No
3900,No
3901,No
3902,No
3903,No
3904,No
3905,No
3906,No
3907,No
3908,No
3909,No
3910,No
3911,No
3912,No
3913,No
3914,No
3915,No
3916,No
3917,No
3918,No
3919,No
3920,No
3921,No
3922,No
3923,No
3924,No
3925,No
3926,No
3927,No
3928,No
3929,No
3930,No
3931,No
3932,No
3933,No
3934,No
3935,No
3936,No
3937,No
3938,No
3939,No
3940,No
3941,No
3942,No
3943,No
3944,No
3945,No
3946,No
3947,No
3948,No
3949,No
3950,No
3951,No
3952,No
3953,No
3954,No
3955,No
3956,No
3957,No
3958,No
3959,No
3960,No
3961,No
3962,No
3963,No
3964,No
3965,No
3966,No
3967,No
3968,No
3969,No
3970,No
3971,No
3972,No
3973,No
3974,No
3975,No
3976,No
3977,No
3978,No
3979,No
3980,No
3981,No
3982,No
3983,No
3984,No
3985,No
3986,No
3987,No
3988,No
3989,No
3990,No
3991,No
3992,No
3993,No
3994,No
3995,No
3996,No
3997,No
3998,No
3999,No
4000,No
4001,No
4002,No
4003,No
4004,No
4005,No
4006,No
4007,No
4008,No
4009,No
4010,No
4011,No
4012,No
4013,No
4014,No
4015,No
4016,No
4017,No
4018,No
4019,No
4020,No
4021,No
4022,No
4023,No
4024,No
4025,No
4026,No
4027,No
4028,No
4029,No
4030,No
4031,No
4032,No
4033,No
4034,No
4035,No
4036,No
4037,No
4038,No
4039,No
4040,No
4041,No
4042,No
4043,No
4044,No
4045,No
4046,No
4047,No
4048,No
4049,No
4050,No
4051,No
4052,No
4053,No
4054,No
4055,No
4056,No
4057,No
4058,No
4059,No
4060,No
4061,No
4062,No
4063,No
4064,No
4065,No
4066,No
4067,No
4068,No
4069,No
4070,No
4071,No
4072,No
4073,No
4074,No
4075,No
4076,No
4077,No
4078,No
4079,No
4080,No
4081,No
4082,No
4083,No
4084,No
4085,No
4086,No
4087,No
4088,No
4089,No
4090,No
4091,No
4092,No
4093,No
4094,No
4095,No
4096,No
4097,No
4098,No
4099,No
4100,No
4101,No
4102,No
4103,No
4104,No
4105,No
4106,No
4107,No
4108,No
4109,No
4110,No
4111,No
4112,No
4113,No
4114,No
4115,No
4116,No
4117,No
4118,No
4119,No
4120,No
4121,No
4122,No
4123,No
4124,No
4125,No
4126,No
4127,No
4128,No
4129,No
4130,No
4131,No
4132,No
4133,No
4134,No
4135,No
4136,No
4137,No
4138,No
4139,No
4140,No
4141,No
4142,No
4143,No
4144,No
4145,No
4146,No
4147,No
4148,No
4149,No
4150,No
4151,No
4152,No
4153,No
4154,No
4155,No
4156,No
4157,No
4158,No
4159,No
4160,No
4161,No
4162,No
4163,No
4164,No
4165,No
4166,No
4167,No
4168,No
4169,No
4170,No
4171,No
4172,No
4173,No
4174,No
4175,No
4176,No
4177,No
4178,No
4179,No
4180,No
4181,No
4182,No
4183,No
4184,No
4185,No
4186,No
4187,No
4188,No
4189,No
4190,No
4191,No
4192,No
4193,No
4194,No
4195,No
4196,No
4197,No
4198,No
4199,No
4200,No
4201,No
4202,No
4203,No
4204,No
4205,No
4206,No
4207,No
4208,No
4209,No
4210,No
4211,No
4212,No
4213,No
4214,No
4215,No
4216,No
4217,No
4218,No
4219,No
4220,No
4221,No
4222,No
4223,No
4224,No
4225,No
4226,No
4227,No
4228,No
4229,No
4230,No
4231,No
4232,No
4233,No
4234,No
4235,No
4236,No
4237,No
4238,No
4239,No
4240,No
4241,No
4242,No
4243,No
4244,No
4245,No
4246,No
4247,No
4248,No
4249,No
4250,No
4251,No
4252,No
4253,No
4254,No
4255,No
4256,No
4257,No
4258,No
4259,No
4260,No
4261,No
4262,No
4263,No
4264,No
4265,No
4266,No
4267,No
4268,No
4269,No
4270,No
4271,No
4272,No
4273,No
4274,No
4275,No
4276,No
4277,No
4278,No
4279,No
4280,No
4281,No
4282,No
4283,No
4284,No
4285,No
4286,No
4287,No
4288,No
4289,No
4290,No
4291,No
4292,No
4293,No
4294,No
4295,No
4296,No
4297,No
4298,No
4299,No
4300,No
4301,No
4302,No
4303,No
4304,No
4305,No
4306,No
4307,No
4308,No
4309,No
4310,No
4311,No
4312,No
4313,No
4314,No
4315,No
4316,No
4317,No
4318,No
4319,No
4320,No
4321,No
4322,No
4323,No
4324,No
4325,No
4326,No
4327,No
4328,No
4329,No
4330,No
4331,No
4332,No
4333,No
4334,No
4335,No
4336,No
4337,No
4338,No
4339,No
4340,No
4341,No
4342,No
4343,No
4344,No
4345,No
4346,No
4347,No
4348,No
4349,No
4350,No
4351,No
4352,No
4353,No
4354,No
4355,No
4356,No
4357,No
4358,No
4359,No
4360,No
4361,No
4362,No
4363,No
4364,No
4365,No
4366,No
4367,No
4368,No
4369,No
4370,No
4371,No
4372,No
4373,No
4374,No
4375,No
4376,No
4377,No
4378,No
4379,No
4380,No
4381,No
4382,No
4383,No
4384,No
4385,No
4386,No
4387,No
4388,No
4389,No
4390,No
4391,No
4392,No
4393,No
4394,No
4395,No
4396,No
4397,No
4398,No
4399,No
4400,No
4401,No
4402,No
4403,No
4404,No
4405,No
4406,No
4407,No
4408,No
4409,No
4410,No
4411,No
4412,No
4413,No
4414,No
4415,No
4416,No
4417,No
4418,No
4419,No
4420,No
4421,No
4422,No
4423,No
4424,No
4425,No
4426,No
4427,No
4428,No
4429,No
4430,No
4431,No
4432,No
4433,No
4434,No
4435,No
4436,No
4437,No
4438,No
4439,No
4440,No
4441,No
4442,No
4443,No
4444,No
4445,No
4446,No
4447,No
4448,No
4449,No
4450,No
4451,No
4452,No
4453,No
4454,No
4455,No
4456,No
4457,No
4458,No
4459,No
4460,No
4461,No
4462,No
4463,No
4464,No
4465,No
4466,No
4467,No
4468,No
4469,No
4470,No
4471,No
4472,No
4473,No
4474,No
4475,No
4476,No
4477,No
4478,No
4479,No
4480,No
4481,No
4482,No
4483,No
4484,No
4485,No
4486,No
4487,No
4488,No
4489,No
4490,No
4491,No
4492,No
4493,No
4494,No
4495,No
4496,No
4497,No
4498,No
4499,No
4500,No
4501,No
4502,No
4503,No
4504,No
4505,No
4506,No
4507,No
4508,No
4509,No
4510,No
4511,No
4512,No
4513,No
4514,No
4515,No
4516,No
4517,No
4518,No
4519,No
4520,No
4521,No
4522,No
4523,No
4524,No
4525,No
4526,No
4527,No
4528,No
4529,No
4530,No
4531,No
4532,No
4533,No
4534,No
4535,No
4536,No
4537,No
4538,No
4539,No
4540,No
4541,No
4542,No
4543,No
4544,No
4545,No
4546,No
4547,No
4548,No
4549,No
4550,No
4551,No
4552,No
4553,No
4554,No
4555,No
4556,No
4557,No
4558,No
4559,No
4560,No
4561,No
4562,No
4563,No
4564,No
4565,No
4566,No
4567,No
4568,No
4569,No
4570,No
4571,No
4572,No
4573,No
4574,No
4575,No
4576,No
4577,No
4578,No
4579,No
4580,No
4581,No
4582,No
4583,No
4584,No
4585,No
4586,No
4587,No
4588,No
4589,No
4590,No
4591,No
4592,No
4593,No
4594,No
4595,No
4596,No
4597,No
4598,No
4599,No
4600,No
4601,No
4602,No
4603,No
4604,No
4605,No
4606,No
4607,No
4608,No
4609,No
4610,No
4611,No
4612,No
4613,No
4614,No
4615,No
4616,No
4617,No
4618,No
4619,No
4620,No
4621,No
4622,No
4623,No
4624,No
4625,No
4626,No
4627,No
4628,No
4629,No
4630,No
4631,No
4632,No
4633,No
4634,No
4635,No
4636,No
4637,No
4638,No
4639,No
4640,No
4641,No
4642,No
4643,No
4644,No
4645,No
4646,No
4647,No
4648,No
4649,No
4650,No
4651,No
4652,No
4653,No
4654,No
4655,No
4656,No
4657,No
4658,No
4659,No
4660,No
4661,No
4662,No
4663,No
4664,No
4665,No
4666,No
4667,No
4668,No
4669,No
4670,No
4671,No
4672,No
4673,No
4674,No
4675,No
4676,No
4677,No
4678,No
4679,No
4680,No
4681,No
4682,No
4683,No
4684,No
4685,No
4686,No
4687,No
4688,No
4689,No
4690,No
4691,No
4692,No
4693,No
4694,No
4695,No
4696,No
4697,No
4698,No
4699,No
4700,No
4701,No
4702,No
4703,No
4704,No
4705,No
4706,No
4707,No
4708,No
4709,No
4710,No
4711,No
4712,No
4713,No
4714,No
4715,No
4716,No
4717,No
4718,No
4719,No
4720,No
4721,No
4722,No
4723,No
4724,No
4725,No
4726,No
4727,No
4728,No
4729,No
4730,No
4731,No
4732,No
4733,No
4734,No
4735,No
4736,No
4737,No
4738,No
4739,No
4740,No
4741,No
4742,No
4743,No
4744,No
4745,No
4746,No
4747,No
4748,No
4749,No
4750,No
4751,No
4752,No
4753,No
4754,No
4755,No
4756,No
4757,No
4758,No
4759,No
4760,No
4761,No
4762,No
4763,No
4764,No
4765,No
4766,No
4767,No
4768,No
4769,No
4770,No
4771,No
4772,No
4773,No
4774,No
4775,No
4776,No
4777,No
4778,No
4779,No
4780,No
4781,No
4782,No
4783,No
4784,No
4785,No
4786,No
4787,No
4788,No
4789,No
4790,No
4791,No
4792,No
4793,No
4794,No
4795,No
4796,No
4797,No
4798,No
4799,No
4800,No
4801,No
4802,No
4803,No
4804,No
4805,No
4806,No
4807,No
4808,No
4809,No
4810,No
4811,No
4812,No
4813,No
4814,No
4815,No
4816,No
4817,No
4818,No
4819,No
4820,No
4821,No
4822,No
4823,No
4824,No
4825,No
4826,No
4827,No
4828,No
4829,No
4830,No
4831,No
4832,No
4833,No
4834,No
4835,No
4836,No
4837,No
4838,No
4839,No
4840,No
4841,No
4842,No
4843,No
4844,No
4845,No
4846,No
4847,No
4848,No
4849,No
4850,No
4851,No
4852,No
4853,No
4854,No
4855,No
4856,No
4857,No
4858,No
4859,No
4860,No
4861,No
4862,No
4863,No
4864,No
4865,No
4866,No
4867,No
4868,No
4869,No
4870,No
4871,No
4872,No
4873,No
4874,No
4875,No
4876,No
4877,No
4878,No
4879,No
4880,No
4881,No
4882,No
4883,No
4884,No
4885,No
4886,No
4887,No
4888,No
4889,No
4890,No
4891,No
4892,No
4893,No
4894,No
4895,No
4896,No
4897,No
4898,No
4899,No
4900,No
4901,No
4902,No
4903,No
4904,No
4905,No
4906,No
4907,No
4908,No
4909,No
4910,No
4911,No
4912,No
4913,No
4914,No
4915,No
4916,No
4917,No
4918,No
4919,No
4920,No
4921,No
4922,No
4923,No
4924,No
4925,No
4926,No
4927,No
4928,No
4929,No
4930,No
4931,No
4932,No
4933,No
4934,No
4935,No
4936,No
4937,No
4938,No
4939,No
4940,No
4941,No
4942,No
4943,No
4944,No
4945,No
4946,No
4947,No
4948,No
4949,No
4950,No
4951,No
4952,No
4953,No
4954,No
4955,No
4956,No
4957,No
4958,No
4959,No
4960,No
4961,No
4962,No
4963,No
4964,No
4965,No
4966,No
4967,No
4968,No
4969,No
4970,No
4971,No
4972,No
4973,No
4974,No
4975,No
4976,No
4977,No
4978,No
4979,No
4980,No
4981,No
4982,No
4983,No
4984,No
4985,No
4986,No
4987,No
4988,No
4989,No
4990,No
4991,No
4992,No
4993,No
4994,No
4995,No
4996,No
4997,No
4998,No
4999,No
5000,No
5001,No
5002,No
5003,No
5004,No
5005,No
5006,No
5007,No
5008,No
5009,No
5010,No
5011,No
5012,No
5013,No
5014,No
5015,No
5016,No
5017,No
5018,No
5019,No
5020,No
5021,No
5022,No
5023,No
5024,No
5025,No
5026,No
5027,No
5028,No
5029,No
5030,No
5031,No
5032,No
5033,No
5034,No
5035,No
5036,No
5037,No
5038,No
5039,No
5040,No
5041,No
5042,No
5043,No
5044,No
5045,No
5046,No
5047,No
5048,No
5049,No
5050,No
5051,No
5052,No
5053,No
5054,No
5055,No
5056,No
5057,No
5058,No
5059,No
5060,No
5061,No
5062,No
5063,No
5064,No
5065,No
5066,No
5067,No
5068,No
5069,No
5070,No
5071,No
5072,No
5073,No
5074,No
5075,No
5076,No
5077,No
5078,No
5079,No
5080,No
5081,No
5082,No
5083,No
5084,No
5085,No
5086,No
5087,No
5088,No
5089,No
5090,No
5091,No
5092,No
5093,No
5094,No
5095,No
5096,No
5097,No
5098,No
5099,No
5100,No
5101,No
5102,No
5103,No
5104,No
5105,No
5106,No
5107,No
5108,No
5109,No
5110,No
5111,No
5112,No
5113,No
5114,No
5115,No
5116,No
5117,No
5118,No
5119,No
5120,No
5121,No
5122,No
5123,No
5124,No
5125,No
5126,No
5127,No
5128,No
5129,No
5130,No
5131,No
5132,No
5133,No
5134,No
5135,No
5136,No
5137,No
5138,No
5139,No
5140,No
5141,No
5142,No
5143,No
5144,No
5145,No
5146,No
5147,No
5148,No
5149,No
5150,No
5151,No
5152,No
5153,No
5154,No
5155,No
5156,No
5157,No
5158,No
5159,No
5160,No
5161,No
5162,No
5163,No
5164,No
5165,No
5166,No
5167,No
5168,No
5169,No
5170,No
5171,No
5172,No
5173,No
5174,No
5175,No
5176,No
5177,No
5178,No
5179,No
5180,No
5181,No
5182,No
5183,No
5184,No
5185,No
5186,No
5187,No
5188,No
5189,No
5190,No
5191,No
5192,No
5193,No
5194,No
5195,No
5196,No
5197,No
5198,No
5199,No
5200,No
5201,No
5202,No
5203,No
5204,No
5205,No
5206,No
5207,No
5208,No
5209,No
5210,No
5211,No
5212,No
5213,No
5214,No
5215,No
5216,No
5217,No
5218,No
5219,No
5220,No
5221,No
5222,No
5223,No
5224,No
5225,No
5226,No
5227,No
5228,No
5229,No
5230,No
5231,No
5232,No
5233,No
5234,No
5235,No
5236,No
5237,No
5238,No
5239,No
5240,No
5241,No
5242,No
5243,No
5244,No
5245,No
5246,No
5247,No
5248,No
5249,No
5250,No
5251,No
5252,No
5253,No
5254,No
5255,No
5256,No
5257,No
5258,No
5259,No
5260,No
5261,No
5262,No
5263,No
5264,No
5265,No
5266,No
5267,No
5268,No
5269,No
5270,No
5271,No
5272,No
5273,No
5274,No
5275,No
5276,No
5277,No
5278,No
5279,No
5280,No
5281,No
5282,No
5283,No
5284,No
5285,No
5286,No
5287,No
5288,No
5289,No
5290,No
5291,No
5292,No
5293,No
5294,No
5295,No
5296,No
5297,No
5298,No
5299,No
5300,No
5301,No
5302,No
5303,No
5304,No
